"Path","Platform","Compiled","Cooked","Permutations","Compiletime","CompiledDouble","CookedDouble"
"/SpeedTreeImporter/SpeedTree9/SpeedTreeMaster.SpeedTreeMaster","0","0","32","1","0.000000","0","0"
"/SpeedTreeImporter/SpeedTree9/SpeedTreeBillboardMaster.SpeedTreeBillboardMaster","0","0","32","1","0.000000","0","0"
"/Engine/EngineMaterials/Widget3DPassThrough.Widget3DPassThrough","0","0","50","6","0.000000","0","5"
"/Engine/OpenWorldTemplate/LandscapeMaterial/M_ProcGrid.M_ProcGrid","0","0","6","2","0.000000","0","0"
"/Game/Characters/Mannequins/Materials/M_Mannequin.M_Mannequin","0","0","64","2","0.000000","0","0"
"/InterchangeAssets/gltf/M_ClearCoat.M_ClearCoat","0","0","136","6","0.000000","0","0"
"/InterchangeAssets/gltf/M_Sheen.M_Sheen","0","0","120","6","0.000000","0","0"
"/InterchangeAssets/gltf/M_Default.M_Default","0","0","136","6","0.000000","0","0"
"/Game/FPS_Weapon_Bundle/Weapons/Materials/Master_Material/M_Weapon_Master_USE.M_Weapon_Master_USE","0","0","21","1","0.000000","0","21"
"/Engine/EditorLandscapeResources/LandscapeLayerUsageMaterial.LandscapeLayerUsageMaterial","0","0","2","1","0.000000","0","0"
"/Game/FPS_Weapon_Bundle/Weapons/Materials/Master_Material/M_RDS_Master.M_RDS_Master","0","0","30","2","0.000000","0","0"
"/Game/FPS_Weapon_Bundle/Weapons/Materials/Master_Material/M_RDS_MasterUI.M_RDS_MasterUI","0","0","30","2","0.000000","0","0"
"/Game/Realistic_Starter_VFX_Pack_Vol2/Materials/M_Snow.M_Snow","0","0","15","1","0.000000","0","0"
"/InterchangeAssets/gltf/M_Unlit.M_Unlit","0","0","100","6","0.000000","0","0"
"/InterchangeAssets/gltf/M_SpecularGlossiness.M_SpecularGlossiness","0","0","120","6","0.000000","0","0"
"/InterchangeAssets/gltf/M_Transmission.M_Transmission","0","0","36","2","0.000000","0","0"
"/Game/Adventures_Pack/Materials/Adventure_01/M_M_Adventure_Hair.M_M_Adventure_Hair","0","0","32","1","0.000000","0","0"
"/Game/Adventures_Pack/Materials/Adventure_01/M_Adventure_1.M_Adventure_1","0","0","14","1","0.000000","0","0"
"/Game/MilitaryWeapDark/FX/Materials/M_Pistol_MuzzleFlash_4x1_A.M_Pistol_MuzzleFlash_4x1_A","0","0","15","1","0.000000","0","0"
"/Game/MilitaryWeapDark/FX/Materials/M_AssaultRifle_MuzzleFlash_4x1.M_AssaultRifle_MuzzleFlash_4x1","0","0","15","1","0.000000","0","0"
"/Engine/EditorLandscapeResources/MaskBrushMaterial.MaskBrushMaterial","0","0","5","1","0.000000","0","5"
"/Engine/VREditor/SnapGrid/SnapGridMaterial.SnapGridMaterial","0","0","14","1","0.000000","0","0"
"/Paper2D/DefaultSpriteMaterial.DefaultSpriteMaterial","0","0","42","2","0.000000","0","0"
"/Engine/EditorLandscapeResources/SelectBrushMaterial.SelectBrushMaterial","0","0","10","2","0.000000","0","0"
"/Game/MilitaryWeapSilver/Weapons/Materials/M_WeaponMaster_01.M_WeaponMaster_01","0","0","6","1","0.000000","0","0"
"/Game/MilitaryWeapSilver/FX/Materials/M_RockSmall_01.M_RockSmall_01","0","0","15","1","0.000000","0","15"
"/Game/MilitaryWeapDark/FX/Materials/M_Pistol_Streaks_01.M_Pistol_Streaks_01","0","0","15","1","0.000000","0","0"
"/Game/MilitaryWeapDark/FX/Materials/M_Pistol_Smoke_2x2_A.M_Pistol_Smoke_2x2_A","0","0","24","1","0.000000","0","0"
"/Game/MilitaryWeapDark/FX/Materials/M_GlowSphere_01.M_GlowSphere_01","0","0","20","1","0.000000","0","0"
"/Game/MilitaryWeapSilver/FX/Materials/M_Smoke_8x8_B_01.M_Smoke_8x8_B_01","0","0","24","1","0.000000","0","24"
"/Game/MilitaryWeapSilver/FX/Materials/M_RockMesh_01.M_RockMesh_01","0","0","6","1","0.000000","0","0"
"/Game/MilitaryWeapSilver/FX/Materials/M_SmokeRibbon_01.M_SmokeRibbon_01","0","0","16","1","0.000000","0","0"
"/Game/Realistic_Starter_VFX_Pack_Vol2/Materials/M_Blood_C.M_Blood_C","0","0","35","1","0.000000","0","0"
"/Game/Realistic_Starter_VFX_Pack_Vol2/Materials/M_Dirt_A.M_Dirt_A","0","0","24","1","0.000000","0","0"
"/Game/Realistic_Starter_VFX_Pack_Vol2/Materials/M_Smoke_A.M_Smoke_A","0","0","32","1","0.000000","0","0"
"/Game/BulletHoleDecal/M_BulletHole.M_BulletHole","0","0","11","1","0.000000","0","0"
"/Engine/EngineSky/VolumetricClouds/m_SimpleVolumetricCloud.m_SimpleVolumetricCloud","0","0","90","1","0.000000","0","0"
"/Engine/EngineSky/M_Sky_Panning_Clouds2.M_Sky_Panning_Clouds2","0","0","2","1","0.000000","0","0"
"/Engine/EngineMaterials/DefaultTextMaterialOpaque.DefaultTextMaterialOpaque","0","0","16","1","0.000000","0","0"
"/Engine/EngineMaterials/WorldGridMaterial.WorldGridMaterial","0","0","632","1","0.000000","0","0"
"/HairStrands/Materials/HairDebugMaterial.HairDebugMaterial","0","0","63","1","0.000000","0","0"
"/Engine/EngineMaterials/DefaultMaterial.DefaultMaterial","0","0","24","1","0.000000","0","0"
"/Engine/EngineMaterials/DefaultDeferredDecalMaterial.DefaultDeferredDecalMaterial","0","0","75","1","0.000000","0","0"
"/Engine/EngineMaterials/DefaultPostProcessMaterial.DefaultPostProcessMaterial","0","0","31","1","0.000000","0","0"
"/Engine/EngineDebugMaterials/M_VolumeRenderSphereTracePP.M_VolumeRenderSphereTracePP","0","0","5","1","0.000000","0","0"
"/Engine/EditorLandscapeResources/ColorMaskBrushMaterial.ColorMaskBrushMaterial","0","0","5","1","0.000000","0","0"
"/Engine/EditorMaterials/PreviewShadowIndicatorMaterial.PreviewShadowIndicatorMaterial","0","0","25","1","0.000000","0","0"
"/Engine/VREditor/TransformGizmo/TransformGizmoMaterial.TransformGizmoMaterial","0","0","2","1","0.000000","0","0"
"/ControlRig/M_Manip.M_Manip","0","0","9","1","0.000000","0","0"
"/Engine/EngineMaterials/PhAT_JointLimitMaterial.PhAT_JointLimitMaterial","0","0","9","1","0.000000","0","0"
"/Engine/EditorLandscapeResources/LayerVisMaterial.LayerVisMaterial","0","0","2","1","0.000000","0","0"
"/Engine/EditorLandscapeResources/LandscapeDirtyMaterial.LandscapeDirtyMaterial","0","0","5","1","0.000000","0","0"
"/Engine/EngineMaterials/EmissiveMeshMaterial.EmissiveMeshMaterial","0","0","14","1","0.000000","0","0"
"/Engine/EngineMaterials/M_InvalidLightmapSettings.M_InvalidLightmapSettings","0","0","6","1","0.000000","0","0"
"/Engine/EngineMaterials/FlattenMaterial.FlattenMaterial","0","0","9","1","0.000000","0","0"
"/Engine/EngineMaterials/FlattenMaterial_VT.FlattenMaterial_VT","0","0","6","1","0.000000","0","0"
"/Engine/EngineMaterials/FlattenMaterial_WS_Normal_VT.FlattenMaterial_WS_Normal_VT","0","0","6","1","0.000000","0","0"
"/Game/FPS_Weapon_Bundle/Weapons/Materials/RDS/M_RDS_Glass.M_RDS_Glass","0","0","10","1","0.000000","0","0"
"/Engine/EngineSky/M_SimpleSkyDome.M_SimpleSkyDome","0","0","2","1","0.000000","0","0"
"/Engine/EngineMaterials/DefaultLightFunctionMaterial.DefaultLightFunctionMaterial","0","0","37","1","0.000000","0","0"
"/Engine/VREditor/TransformGizmo/Main.Main","0","0","5","1","0.000000","0","0"
"/Engine/VREditor/TransformGizmo/Xray.Xray","0","0","3","1","0.000000","0","0"
"/Engine/EditorMaterials/Camera/CineMat.CineMat","0","0","6","1","0.000000","0","0"
"/Engine/EditorLandscapeResources/SplineEditorMeshMat.SplineEditorMeshMat","0","0","12","1","0.000000","0","0"
"/CameraCalibrationCore/Materials/M_DefaultOddSquare.M_DefaultOddSquare","0","0","4","1","0.000000","0","0"
"/CameraCalibrationCore/Materials/M_DefaultEvenSquare.M_DefaultEvenSquare","0","0","4","1","0.000000","0","0"
"/HairStrands/Materials/HairDefaultMaterial.HairDefaultMaterial","0","0","36","1","0.000000","0","0"
"/HairStrands/Materials/HairCardsDefaultMaterial.HairCardsDefaultMaterial","0","0","63","1","0.000000","0","0"
"/HairStrands/Materials/HairMeshesDefaultMaterial.HairMeshesDefaultMaterial","0","0","36","1","0.000000","0","0"
"/Engine/VREditor/TransformGizmo/TranslucentTransformGizmoMaterial.TranslucentTransformGizmoMaterial","0","0","5","1","0.000000","0","0"
"/Engine/EngineDebugMaterials/M_SimpleUnlitTranslucent.M_SimpleUnlitTranslucent","0","0","5","1","0.000000","0","0"
"/Engine/BasicShapes/BasicShapeMaterial.BasicShapeMaterial","0","0","9","1","0.000000","0","0"
"/Engine/EditorMaterials/Dataflow/DataflowVertexMaterial.DataflowVertexMaterial","0","0","6","1","0.000000","0","0"
"/ControlRig/Controls/ControlRigXRayMaterial.ControlRigXRayMaterial","0","0","9","1","0.000000","0","0"
"/SpeedTreeImporter/SpeedTree9/SpeedTreeMaster.SpeedTreeMaster","49","0","48","1","0.000000","0","0"
"/SpeedTreeImporter/SpeedTree9/SpeedTreeBillboardMaster.SpeedTreeBillboardMaster","49","0","48","1","0.000000","0","0"
"/Engine/EngineMaterials/Widget3DPassThrough.Widget3DPassThrough","49","0","86","6","0.000000","0","10"
"/Engine/OpenWorldTemplate/LandscapeMaterial/M_ProcGrid.M_ProcGrid","49","0","26","2","0.000000","0","0"
"/Game/Characters/Mannequins/Materials/M_Mannequin.M_Mannequin","49","0","84","2","0.000000","0","0"
"/InterchangeAssets/gltf/M_ClearCoat.M_ClearCoat","49","0","184","6","0.000000","0","0"
"/InterchangeAssets/gltf/M_Sheen.M_Sheen","49","0","168","6","0.000000","0","0"
"/InterchangeAssets/gltf/M_Default.M_Default","49","0","184","6","0.000000","0","0"
"/Game/FPS_Weapon_Bundle/Weapons/Materials/Master_Material/M_Weapon_Master_USE.M_Weapon_Master_USE","49","0","26","1","0.000000","0","26"
"/Engine/EditorLandscapeResources/LandscapeLayerUsageMaterial.LandscapeLayerUsageMaterial","49","0","7","1","0.000000","0","0"
"/Game/FPS_Weapon_Bundle/Weapons/Materials/Master_Material/M_RDS_Master.M_RDS_Master","49","0","32","2","0.000000","0","0"
"/Game/FPS_Weapon_Bundle/Weapons/Materials/Master_Material/M_RDS_MasterUI.M_RDS_MasterUI","49","0","32","2","0.000000","0","0"
"/Game/Realistic_Starter_VFX_Pack_Vol2/Materials/M_Snow.M_Snow","49","0","20","1","0.000000","0","0"
"/InterchangeAssets/gltf/M_Unlit.M_Unlit","49","0","264","6","0.000000","0","0"
"/InterchangeAssets/gltf/M_SpecularGlossiness.M_SpecularGlossiness","49","0","168","6","0.000000","0","0"
"/InterchangeAssets/gltf/M_Transmission.M_Transmission","49","0","54","2","0.000000","0","0"
"/Game/Adventures_Pack/Materials/Adventure_01/M_M_Adventure_Hair.M_M_Adventure_Hair","49","0","42","1","0.000000","0","0"
"/Game/Adventures_Pack/Materials/Adventure_01/M_Adventure_1.M_Adventure_1","49","0","19","1","0.000000","0","0"
"/Game/MilitaryWeapDark/FX/Materials/M_Pistol_MuzzleFlash_4x1_A.M_Pistol_MuzzleFlash_4x1_A","49","0","20","1","0.000000","0","0"
"/Game/MilitaryWeapDark/FX/Materials/M_AssaultRifle_MuzzleFlash_4x1.M_AssaultRifle_MuzzleFlash_4x1","49","0","20","1","0.000000","0","0"
"/Engine/EditorLandscapeResources/MaskBrushMaterial.MaskBrushMaterial","49","0","10","1","0.000000","0","10"
"/Engine/VREditor/SnapGrid/SnapGridMaterial.SnapGridMaterial","49","0","22","1","0.000000","0","0"
"/Paper2D/DefaultSpriteMaterial.DefaultSpriteMaterial","49","0","64","2","0.000000","0","0"
"/Engine/EditorLandscapeResources/SelectBrushMaterial.SelectBrushMaterial","49","0","20","2","0.000000","0","0"
"/Game/MilitaryWeapSilver/Weapons/Materials/M_WeaponMaster_01.M_WeaponMaster_01","49","0","11","1","0.000000","0","0"
"/Game/MilitaryWeapSilver/FX/Materials/M_RockSmall_01.M_RockSmall_01","49","0","20","1","0.000000","0","20"
"/Game/MilitaryWeapDark/FX/Materials/M_Pistol_Streaks_01.M_Pistol_Streaks_01","49","0","20","1","0.000000","0","0"
"/Game/MilitaryWeapDark/FX/Materials/M_Pistol_Smoke_2x2_A.M_Pistol_Smoke_2x2_A","49","0","29","1","0.000000","0","0"
"/Game/MilitaryWeapDark/FX/Materials/M_GlowSphere_01.M_GlowSphere_01","49","0","25","1","0.000000","0","0"
"/Game/MilitaryWeapSilver/FX/Materials/M_Smoke_8x8_B_01.M_Smoke_8x8_B_01","49","0","29","1","0.000000","0","29"
"/Game/MilitaryWeapSilver/FX/Materials/M_RockMesh_01.M_RockMesh_01","49","0","11","1","0.000000","0","0"
"/Game/MilitaryWeapSilver/FX/Materials/M_SmokeRibbon_01.M_SmokeRibbon_01","49","0","21","1","0.000000","0","0"
"/Game/Realistic_Starter_VFX_Pack_Vol2/Materials/M_Blood_C.M_Blood_C","49","0","40","1","0.000000","0","0"
"/Game/Realistic_Starter_VFX_Pack_Vol2/Materials/M_Dirt_A.M_Dirt_A","49","0","29","1","0.000000","0","0"
"/Game/Realistic_Starter_VFX_Pack_Vol2/Materials/M_Smoke_A.M_Smoke_A","49","0","37","1","0.000000","0","0"
"/Game/BulletHoleDecal/M_BulletHole.M_BulletHole","49","0","14","1","0.000000","0","0"
"/Engine/EngineSky/VolumetricClouds/m_SimpleVolumetricCloud.m_SimpleVolumetricCloud","49","0","93","1","0.000000","0","0"
"/Engine/EngineSky/M_Sky_Panning_Clouds2.M_Sky_Panning_Clouds2","49","0","7","1","0.000000","0","0"
"/Engine/EngineMaterials/DefaultTextMaterialOpaque.DefaultTextMaterialOpaque","49","0","24","1","0.000000","0","0"
"/Engine/EngineMaterials/WorldGridMaterial.WorldGridMaterial","49","0","1840","1","0.000000","0","0"
"/HairStrands/Materials/HairDebugMaterial.HairDebugMaterial","49","0","79","1","0.000000","0","0"
"/Engine/EngineMaterials/DefaultMaterial.DefaultMaterial","49","0","45","1","0.000000","0","0"
"/Engine/EngineMaterials/DefaultDeferredDecalMaterial.DefaultDeferredDecalMaterial","49","0","80","1","0.000000","0","0"
"/Engine/EngineMaterials/DefaultPostProcessMaterial.DefaultPostProcessMaterial","49","0","32","1","0.000000","0","0"
"/Engine/EngineDebugMaterials/M_VolumeRenderSphereTracePP.M_VolumeRenderSphereTracePP","49","0","6","1","0.000000","0","0"
"/Engine/EditorLandscapeResources/ColorMaskBrushMaterial.ColorMaskBrushMaterial","49","0","10","1","0.000000","0","0"
"/Engine/EditorMaterials/PreviewShadowIndicatorMaterial.PreviewShadowIndicatorMaterial","49","0","66","1","0.000000","0","0"
"/Engine/VREditor/TransformGizmo/TransformGizmoMaterial.TransformGizmoMaterial","49","0","7","1","0.000000","0","0"
"/ControlRig/M_Manip.M_Manip","49","0","14","1","0.000000","0","0"
"/Engine/EngineMaterials/PhAT_JointLimitMaterial.PhAT_JointLimitMaterial","49","0","14","1","0.000000","0","0"
"/Engine/EditorLandscapeResources/LayerVisMaterial.LayerVisMaterial","49","0","7","1","0.000000","0","0"
"/Engine/EditorLandscapeResources/LandscapeDirtyMaterial.LandscapeDirtyMaterial","49","0","10","1","0.000000","0","0"
"/Engine/EngineMaterials/EmissiveMeshMaterial.EmissiveMeshMaterial","49","0","21","1","0.000000","0","0"
"/Engine/EngineMaterials/M_InvalidLightmapSettings.M_InvalidLightmapSettings","49","0","16","1","0.000000","0","0"
"/Engine/EngineMaterials/FlattenMaterial.FlattenMaterial","49","0","22","1","0.000000","0","0"
"/Engine/EngineMaterials/FlattenMaterial_VT.FlattenMaterial_VT","49","0","16","1","0.000000","0","0"
"/Engine/EngineMaterials/FlattenMaterial_WS_Normal_VT.FlattenMaterial_WS_Normal_VT","49","0","16","1","0.000000","0","0"
"/Game/FPS_Weapon_Bundle/Weapons/Materials/RDS/M_RDS_Glass.M_RDS_Glass","49","0","17","1","0.000000","0","0"
"/Engine/EngineSky/M_SimpleSkyDome.M_SimpleSkyDome","49","0","7","1","0.000000","0","0"
"/Engine/EngineMaterials/DefaultLightFunctionMaterial.DefaultLightFunctionMaterial","49","0","78","1","0.000000","0","0"
"/Engine/VREditor/TransformGizmo/Main.Main","49","0","10","1","0.000000","0","0"
"/Engine/VREditor/TransformGizmo/Xray.Xray","49","0","8","1","0.000000","0","0"
"/Engine/EditorMaterials/Camera/CineMat.CineMat","49","0","14","1","0.000000","0","0"
"/Engine/EditorLandscapeResources/SplineEditorMeshMat.SplineEditorMeshMat","49","0","24","1","0.000000","0","0"
"/CameraCalibrationCore/Materials/M_DefaultOddSquare.M_DefaultOddSquare","49","0","9","1","0.000000","0","0"
"/CameraCalibrationCore/Materials/M_DefaultEvenSquare.M_DefaultEvenSquare","49","0","9","1","0.000000","0","0"
"/HairStrands/Materials/HairDefaultMaterial.HairDefaultMaterial","49","0","45","1","0.000000","0","0"
"/HairStrands/Materials/HairCardsDefaultMaterial.HairCardsDefaultMaterial","49","0","79","1","0.000000","0","0"
"/HairStrands/Materials/HairMeshesDefaultMaterial.HairMeshesDefaultMaterial","49","0","45","1","0.000000","0","0"
"/Engine/VREditor/TransformGizmo/TranslucentTransformGizmoMaterial.TranslucentTransformGizmoMaterial","49","0","10","1","0.000000","0","0"
"/Engine/EngineDebugMaterials/M_SimpleUnlitTranslucent.M_SimpleUnlitTranslucent","49","0","10","1","0.000000","0","0"
"/Engine/BasicShapes/BasicShapeMaterial.BasicShapeMaterial","49","0","27","1","0.000000","0","0"
"/Engine/EditorMaterials/Dataflow/DataflowVertexMaterial.DataflowVertexMaterial","49","0","11","1","0.000000","0","0"
"/ControlRig/Controls/ControlRigXRayMaterial.ControlRigXRayMaterial","49","0","14","1","0.000000","0","0"
